1|Jacob|Emma
2|Michael|Isabella
3|Ethan|Emily
4|Joshua|Madison
5|Daniel|Ava
6|Alexander|Olivia
7|Anthony|Sophia
8|William|Abigail
9|Christopher|Elizabeth
10|Matthew|Chloe
11|Jayden|Samantha
12|Andrew|Addison
13|Joseph|Natalie
14|David|Mia
15|Noah|Alexis
16|Aiden|Alyssa
17|James|Hannah
18|Ryan|Ashley
19|Logan|Ella
20|John|Sarah
21|Nathan|Grace
22|Elijah|Taylor
23|Christian|Brianna
24|Gabriel|Lily
25|Benjamin|Hailey
26|Jonathan|Anna
27|Tyler|Victoria
28|Samuel|Kayla
29|Nicholas|Lillian
30|Gavin|Lauren
31|Dylan|Kaylee
32|Jackson|Allison
33|Brandon|Savannah
34|Caleb|Nevaeh
35|Mason|Gabriella
36|Angel|Sofia
37|Isaac|Makayla
38|Evan|Avery
39|Jack|Riley
40|Kevin|Julia
41|Jose|Leah
42|Isaiah|Aubrey
43|Luke|Jasmine
44|Landon|Audrey
45|Justin|Katherine
46|Lucas|Morgan
47|Zachary|Brooklyn
48|Jordan|Destiny
49|Robert|Sydney
50|Aaron|Alexa
51|Brayden|Kylie
52|Thomas|Brooke
53|Cameron|Kaitlyn
54|Hunter|Evelyn
55|Austin|Layla
56|Adrian|Madeline
57|Connor|Kimberly
58|Owen|Zoe
59|Aidan|Jessica
60|Jason|Peyton
61|Julian|Alexandra
62|Wyatt|Claire
63|Charles|Madelyn
64|Luis|Maria
65|Carter|Mackenzie
66|Juan|Arianna
67|Chase|Jocelyn
68|Diego|Amelia
69|Jeremiah|Angelina
70|Brody|Trinity
71|Xavier|Andrea
72|Adam|Maya
73|Carlos|Valeria
74|Sebastian|Sophie
75|Liam|Rachel
76|Hayden|Vanessa
77|Nathaniel|Aaliyah
78|Henry|Mariah
79|Jesus|Gabrielle
80|Ian|Katelyn
81|Tristan|Ariana
82|Bryan|Bailey
83|Sean|Camila
84|Cole|Jennifer
85|Alex|Melanie
86|Eric|Gianna
87|Brian|Charlotte
88|Jaden|Paige
89|Carson|Autumn
90|Blake|Payton
91|Ayden|Faith
92|Cooper|Sara
93|Dominic|Isabelle
94|Brady|Caroline
95|Caden|Genesis
96|Josiah|Isabel
97|Kyle|Mary
98|Colton|Zoey
99|Kaden|Gracie
100|Eli|Megan
101|Miguel|Haley
102|Antonio|Mya
103|Parker|Michelle
104|Steven|Molly
105|Alejandro|Stephanie
106|Riley|Nicole
107|Richard|Jenna
108|Timothy|Natalia
109|Devin|Sadie
110|Jesse|Jada
111|Victor|Serenity
112|Jake|Lucy
113|Joel|Ruby
114|Colin|Eva
115|Kaleb|Kennedy
116|Bryce|Rylee
117|Levi|Jayla
118|Oliver|Naomi
119|Oscar|Rebecca
120|Vincent|Lydia
121|Ashton|Daniela
122|Cody|Bella
123|Micah|Keira
124|Preston|Adriana
125|Marcus|Lilly
126|Max|Hayden
127|Patrick|Miley
128|Seth|Katie
129|Jeremy|Jade
130|Peyton|Jordan
131|Nolan|Gabriela
132|Ivan|Amy
133|Damian|Angela
134|Maxwell|Melissa
135|Alan|Valerie
136|Kenneth|Giselle
137|Jonah|Diana
138|Jorge|Amanda
139|Mark|Kate
140|Giovanni|Laila
141|Eduardo|Reagan
142|Grant|Jordyn
143|Collin|Kylee
144|Gage|Danielle
145|Omar|Briana
146|Emmanuel|Marley
147|Trevor|Leslie
148|Edward|Kendall
149|Ricardo|Catherine
150|Cristian|Liliana
151|Nicolas|Mckenzie
152|Kayden|Jacqueline
153|George|Ashlyn
154|Jaxon|Reese
155|Paul|Marissa
156|Braden|London
157|Elias|Juliana
158|Andres|Shelby
159|Derek|Cheyenne
160|Garrett|Angel
161|Tanner|Daisy
162|Malachi|Makenzie
163|Conner|Miranda
164|Fernando|Erin
165|Cesar|Amber
166|Javier|Alana
167|Miles|Ellie
168|Jaiden|Breanna
169|Alexis|Ana
170|Leonardo|Mikayla
171|Santiago|Summer
172|Francisco|Piper
173|Cayden|Adrianna
174|Shane|Jillian
175|Edwin|Sierra
176|Hudson|Jayden
177|Travis|Sienna
178|Bryson|Alicia
179|Erick|Lila
180|Jace|Margaret
181|Hector|Alivia
182|Josue|Brooklynn
183|Peter|Karen
184|Jaylen|Violet
185|Mario|Sabrina
186|Manuel|Stella
187|Abraham|Aniyah
188|Grayson|Annabelle
189|Damien|Alexandria
190|Kaiden|Kathryn
191|Spencer|Skylar
192|Stephen|Aliyah
193|Edgar|Delilah
194|Wesley|Julianna
195|Shawn|Kelsey
196|Trenton|Khloe
197|Jared|Carly
198|Jeffrey|Amaya
199|Landen|Mariana
200|Johnathan|Christina
201|Bradley|Alondra
202|Braxton|Tessa
203|Ryder|Eliana
204|Camden|Bianca
205|Roman|Jazmin
206|Asher|Clara
207|Brendan|Vivian
208|Maddox|Josephine
209|Sergio|Delaney
210|Israel|Scarlett
211|Andy|Elena
212|Lincoln|Cadence
213|Erik|Alexia
214|Donovan|Maggie
215|Raymond|Laura
216|Avery|Nora
217|Rylan|Ariel
218|Dalton|Elise
219|Harrison|Nadia
220|Andre|Mckenna
221|Martin|Chelsea
222|Keegan|Lyla
223|Marco|Alaina
224|Jude|Jasmin
225|Sawyer|Hope
226|Dakota|Leila
227|Leo|Caitlyn
228|Calvin|Cassidy
229|Kai|Makenna
230|Drake|Allie
231|Troy|Izabella
232|Zion|Eden
233|Clayton|Callie
234|Roberto|Haylee
235|Zane|Caitlin
236|Gregory|Kendra
237|Tucker|Karina
238|Rafael|Kyra
239|Kingston|Kayleigh
240|Dominick|Addyson
241|Ezekiel|Kiara
242|Griffin|Jazmine
243|Devon|Karla
244|Drew|Camryn
245|Lukas|Alina
246|Johnny|Lola
247|Ty|Kyla
248|Pedro|Kelly
249|Tyson|Fatima
250|Caiden|Tiffany
251|Mateo|Kira
252|Braylon|Crystal
253|Cash|Mallory
254|Aden|Esmeralda
255|Chance|Alejandra
256|Taylor|Eleanor
257|Marcos|Angelica
258|Maximus|Jayda
259|Ruben|Abby
260|Emanuel|Kara
261|Simon|Veronica
262|Corbin|Carmen
263|Brennan|Jamie
264|Dillon|Ryleigh
265|Skyler|Valentina
266|Myles|Allyson
267|Xander|Dakota
268|Jaxson|Kamryn
269|Dawson|Courtney
270|Kameron|Cecilia
271|Kyler|Madeleine
272|Axel|Aniya
273|Colby|Alison
274|Jonas|Esther
275|Joaquin|Heaven
276|Payton|Aubree
277|Brock|Lindsey
278|Frank|Leilani
279|Enrique|Nina
280|Quinn|Melody
281|Emilio|Macy
282|Malik|Ashlynn
283|Grady|Joanna
284|Angelo|Cassandra
285|Julio|Alayna
286|Derrick|Kaydence
287|Raul|Madilyn
288|Fabian|Aurora
289|Corey|Heidi
290|Gerardo|Emerson
291|Dante|Kimora
292|Ezra|Madalyn
293|Armando|Erica
294|Allen|Josie
295|Theodore|Katelynn
296|Gael|Guadalupe
297|Amir|Harper
298|Zander|Ivy
299|Adan|Lexi
300|Maximilian|Camille
301|Randy|Savanna
302|Easton|Dulce
303|Dustin|Daniella
304|Luca|Lucia
305|Phillip|Emely
306|Julius|Joselyn
307|Charlie|Kiley
308|Ronald|Kailey
309|Jakob|Miriam
310|Cade|Cynthia
311|Brett|Rihanna
312|Trent|Georgia
313|Silas|Rylie
314|Keith|Harmony
315|Emiliano|Kiera
316|Trey|Kyleigh
317|Jalen|Monica
318|Darius|Bethany
319|Lane|Kaylie
320|Jerry|Cameron
321|Jaime|Teagan
322|Scott|Cora
323|Graham|Brynn
324|Weston|Ciara
325|Braydon|Genevieve
326|Anderson|Alice
327|Rodrigo|Maddison
328|Pablo|Eliza
329|Saul|Tatiana
330|Danny|Jaelyn
331|Donald|Erika
332|Elliot|Ximena
333|Brayan|April
334|Dallas|Marely
335|Lorenzo|Julie
336|Casey|Danica
337|Mitchell|Presley
338|Alberto|Brielle
339|Tristen|Julissa
340|Rowan|Angie
341|Jayson|Iris
342|Gustavo|Brenda
343|Aaden|Hazel
344|Amari|Rose
345|Dean|Malia
346|Braeden|Shayla
347|Declan|Fiona
348|Chris|Phoebe
349|Ismael|Nayeli
350|Dane|Paola
351|Louis|Kaelyn
352|Arturo|Selena
353|Brenden|Audrina
354|Felix|Rebekah
355|Jimmy|Carolina
356|Cohen|Janiyah
357|Tony|Michaela
358|Holden|Penelope
359|Reid|Janiya
360|Abel|Anastasia
361|Bennett|Adeline
362|Zackary|Ruth
363|Arthur|Sasha
364|Nehemiah|Denise
365|Ricky|Holly
366|Esteban|Madisyn
367|Cruz|Hanna
368|Finn|Tatum
369|Mauricio|Marlee
370|Dennis|Nataly
371|Keaton|Helen
372|Albert|Janelle
373|Marvin|Lizbeth
374|Mathew|Serena
375|Larry|Anya
376|Moises|Jaslene
377|Issac|Kaylin
378|Philip|Jazlyn
379|Quentin|Nancy
380|Curtis|Lindsay
381|Greyson|Desiree
382|Jameson|Hayley
383|Everett|Itzel
384|Jayce|Imani
385|Darren|Madelynn
386|Elliott|Asia
387|Uriel|Kadence
388|Alfredo|Madyson
389|Hugo|Talia
390|Alec|Jane
391|Jamari|Kayden
392|Marshall|Annie
393|Walter|Amari
394|Judah|Bridget
395|Jay|Raegan
396|Lance|Jadyn
397|Beau|Celeste
398|Ali|Jimena
399|Landyn|Luna
400|Yahir|Yasmin
401|Phoenix|Emilia
402|Nickolas|Annika
403|Kobe|Estrella
404|Bryant|Sarai
405|Maurice|Lacey
406|Russell|Ayla
407|Leland|Alessandra
408|Colten|Willow
409|Reed|Nyla
410|Davis|Dayana
411|Joe|Lilah
412|Ernesto|Lilliana
413|Desmond|Natasha
414|Kade|Hadley
415|Reece|Harley
416|Morgan|Priscilla
417|Ramon|Claudia
418|Rocco|Allisson
419|Orlando|Baylee
420|Ryker|Brenna
421|Brodie|Brittany
422|Paxton|Skyler
423|Jacoby|Fernanda
424|Douglas|Danna
425|Kristopher|Melany
426|Gary|Cali
427|Lawrence|Lia
428|Izaiah|Macie
429|Solomon|Lyric
430|Nikolas|Logan
431|Mekhi|Gloria
432|Justice|Lana
433|Tate|Mylee
434|Jaydon|Cindy
435|Salvador|Lilian
436|Shaun|Amira
437|Alvin|Anahi
438|Eddie|Alissa
439|Kane|Anaya
440|Davion|Lena
441|Zachariah|Ainsley
442|Dorian|Sandra
443|Titus|Noelle
444|Kellen|Marisol
445|Camron|Meredith
446|Isiah|Kailyn
447|Javon|Lesly
448|Nasir|Johanna
449|Milo|Diamond
450|Johan|Evangeline
451|Byron|Juliet
452|Jasper|Kathleen
453|Jonathon|Meghan
454|Chad|Paisley
455|Marc|Athena
456|Kelvin|Hailee
457|Chandler|Rosa
458|Sam|Wendy
459|Cory|Emilee
460|Deandre|Sage
461|River|Alanna
462|Reese|Elaina
463|Roger|Cara
464|Quinton|Nia
465|Talon|Paris
466|Romeo|Casey
467|Franklin|Dana
468|Noel|Emery
469|Alijah|Rowan
470|Guillermo|Aubrie
471|Gunner|Kaitlin
472|Damon|Jaden
473|Jadon|Kenzie
474|Emerson|Kiana
475|Micheal|Viviana
476|Bruce|Norah
477|Terry|Lauryn
478|Kolton|Perla
479|Melvin|Amiyah
480|Beckett|Alyson
481|Porter|Rachael
482|August|Shannon
483|Brycen|Aileen
484|Dayton|Miracle
485|Jamarion|Lillie
486|Leonel|Danika
487|Karson|Heather
488|Zayden|Kassidy
489|Keagan|Taryn
490|Carl|Tori
491|Khalil|Francesca
492|Cristopher|Kristen
493|Nelson|Amya
494|Braiden|Elle
495|Moses|Kristina
496|Isaias|Cheyanne
497|Roy|Haylie
498|Triston|Patricia
499|Walker|Anne
500|Kale|Samara
501|Jermaine|Skye
502|Leon|Kali
503|Rodney|America
504|Kristian|Lexie
505|Mohamed|Parker
506|Ronan|Halle
507|Pierce|Londyn
508|Trace|Abbigail
509|Warren|Linda
510|Jeffery|Hallie
511|Maverick|Saniya
512|Cyrus|Bryanna
513|Quincy|Bailee
514|Nathanael|Jaylynn
515|Skylar|Mckayla
516|Tommy|Quinn
517|Conor|Jaelynn
518|Noe|Jaida
519|Ezequiel|Caylee
520|Demetrius|Jaiden
521|Jaylin|Melina
522|Kendrick|Abril
523|Frederick|Sidney
524|Terrance|Kassandra
525|Bobby|Elisabeth
526|Jamison|Adalyn
527|Jon|Kaylynn
528|Rohan|Mercedes
529|Jett|Yesenia
530|Kieran|Elliana
531|Tobias|Brylee
532|Ari|Dylan
533|Colt|Isabela
534|Gideon|Ryan
535|Felipe|Ashlee
536|Kenny|Daphne
537|Wilson|Kenya
538|Orion|Marina
539|Kamari|Christine
540|Gunnar|Mikaela
541|Jessie|Kaitlynn
542|Alonzo|Justice
543|Gianni|Saniyah
544|Omari|Jaliyah
545|Waylon|Ingrid
546|Malcolm|Marie
547|Emmett|Natalee
548|Abram|Joy
549|Julien|Juliette
550|London|Simone
551|Tomas|Adelaide
552|Allan|Krystal
553|Terrell|Kennedi
554|Matteo|Mila
555|Tristin|Tamia
556|Jairo|Addisyn
557|Reginald|Aylin
558|Brent|Dayanara
559|Ahmad|Sylvia
560|Yandel|Clarissa
561|Rene|Maritza
562|Willie|Virginia
563|Boston|Braelyn
564|Billy|Jolie
565|Marlon|Jaidyn
566|Trevon|Kinsley
567|Aydan|Kirsten
568|Jamal|Laney
569|Aldo|Marilyn
570|Ariel|Whitney
571|Cason|Janessa
572|Braylen|Raquel
573|Javion|Anika
574|Joey|Kamila
575|Rogelio|Aria
576|Ahmed|Rubi
577|Dominik|Adelyn
578|Brendon|Amara
579|Toby|Ayanna
580|Kody|Teresa
581|Marquis|Zariah
582|Ulises|Kaleigh
583|Armani|Amani
584|Adriel|Carla
585|Alfonso|Yareli
586|Branden|Gwendolyn
587|Will|Paulina
588|Craig|Nathalie
589|Ibrahim|Annabella
590|Osvaldo|Jaylin
591|Wade|Tabitha
592|Harley|Deanna
593|Steve|Madalynn
594|Davin|Journey
595|Deshawn|Aiyana
596|Kason|Skyla
597|Damion|Yaretzi
598|Jaylon|Ada
599|Jefferson|Liana
600|Aron|Karlee
601|Brooks|Jenny
602|Darian|Myla
603|Gerald|Cristina
604|Rolando|Myah
605|Terrence|Lisa
606|Enzo|Tania
607|Kian|Isis
608|Ryland|Jayleen
609|Barrett|Jordin
610|Jaeden|Arely
611|Ben|Azul
612|Bradyn|Helena
613|Giovani|Aryanna
614|Blaine|Jaqueline
615|Madden|Lucille
616|Jerome|Destinee
617|Muhammad|Martha
618|Ronnie|Zoie
619|Layne|Arielle
620|Kolby|Liberty
621|Leonard|Marlene
622|Vicente|Elisa
623|Cale|Isla
624|Alessandro|Noemi
625|Zachery|Raven
626|Gavyn|Jessie
627|Aydin|Aleah
628|Xzavier|Kailee
629|Malakai|Kaliyah
630|Raphael|Lilyana
631|Cannon|Haven
632|Rudy|Tara
633|Asa|Giana
634|Darrell|Camilla
635|Giancarlo|Maliyah
636|Elisha|Irene
637|Junior|Carley
638|Zackery|Maeve
639|Alvaro|Lea
640|Lewis|Macey
641|Valentin|Sharon
642|Deacon|Alisha
643|Jase|Marisa
644|Harry|Jaylene
645|Kendall|Kaya
646|Rashad|Scarlet
647|Finnegan|Siena
648|Mohammed|Adyson
649|Ramiro|Maia
650|Cedric|Shiloh
651|Brennen|Tiana
652|Santino|Jaycee
653|Stanley|Gisselle
654|Tyrone|Yazmin
655|Chace|Eve
656|Francis|Shyanne
657|Johnathon|Arabella
658|Teagan|Sherlyn
659|Zechariah|Sariah
660|Alonso|Amiya
661|Kaeden|Kiersten
662|Kamden|Madilynn
663|Gilberto|Shania
664|Ray|Aleena
665|Karter|Finley
666|Luciano|Kinley
667|Nico|Kaia
668|Kole|Aliya
669|Aryan|Taliyah
670|Draven|Pamela
671|Jamie|Yoselin
672|Misael|Ellen
673|Lee|Carlie
674|Alexzander|Monserrat
675|Camren|Jakayla
676|Giovanny|Reyna
677|Amare|Yaritza
678|Rhett|Carolyn
679|Rhys|Clare
680|Rodolfo|Lorelei
681|Nash|Paula
682|Markus|Zaria
683|Deven|Gracelyn
684|Mohammad|Kasey
685|Moshe|Regan
686|Quintin|Alena
687|Dwayne|Angelique
688|Memphis|Regina
689|Atticus|Britney
690|Davian|Emilie
691|Eugene|Mariam
692|Jax|Jaylee
693|Antoine|Julianne
694|Wayne|Greta
695|Randall|Elyse
696|Semaj|Lainey
697|Uriah|Kallie
698|Clark|Felicity
699|Aidyn|Zion
700|Jorden|Aspen
701|Maxim|Carlee
702|Aditya|Annalise
703|Lawson|Iliana
704|Messiah|Larissa
705|Korbin|Akira
706|Sullivan|Sonia
707|Freddy|Catalina
708|Demarcus|Phoenix
709|Neil|Joslyn
710|Brice|Anabelle
711|King|Mollie
712|Davon|Susan
713|Elvis|Judith
714|Ace|Destiney
715|Dexter|Hillary
716|Heath|Janet
717|Duncan|Katrina
718|Jamar|Mareli
719|Sincere|Ansley
720|Irvin|Kaylyn
721|Remington|Alexus
722|Kadin|Gia
723|Soren|Maci
724|Tyree|Elsa
725|Damarion|Stacy
726|Talan|Kaylen
727|Adrien|Carissa
728|Gilbert|Haleigh
729|Keenan|Lorena
730|Darnell|Jazlynn
731|Adolfo|Milagros
732|Tristian|Luz
733|Derick|Leanna
734|Isai|Renee
735|Rylee|Shaniya
736|Gauge|Charlie
737|Harold|Abbie
738|Kareem|Cailyn
739|Deangelo|Cherish
740|Agustin|Elsie
741|Coleman|Jazmyn
742|Zavier|Elaine
743|Lamar|Emmalee
744|Emery|Luciana
745|Jaydin|Dahlia
746|Devan|Jamya
747|Jordyn|Belinda
748|Mathias|Mariyah
749|Prince|Chaya
750|Sage|Dayami
751|Seamus|Rhianna
752|Jasiah|Yadira
753|Efrain|Aryana
754|Darryl|Rosemary
755|Arjun|Armani
756|Mike|Cecelia
757|Roland|Celia
758|Conrad|Barbara
759|Kamron|Cristal
760|Hamza|Eileen
761|Santos|Rayna
762|Frankie|Campbell
763|Dominique|Amina
764|Marley|Aisha
765|Vance|Amirah
766|Dax|Ally
767|Jamir|Araceli
768|Kylan|Averie
769|Todd|Mayra
770|Maximo|Sanaa
771|Jabari|Patience
772|Matthias|Leyla
773|Haiden|Selah
774|Luka|Zara
775|Marcelo|Chanel
776|Keon|Kaiya
777|Layton|Keyla
778|Tyrell|Miah
779|Kash|Aimee
780|Raiden|Giovanna
781|Cullen|Amelie
782|Donte|Kelsie
783|Jovani|Alisson
784|Cordell|Angeline
785|Kasen|Dominique
786|Rory|Adrienne
787|Alfred|Brisa
788|Darwin|Cierra
789|Ernest|Paloma
790|Bailey|Isabell
791|Gaige|Precious
792|Hassan|Alma
793|Jamarcus|Charity
794|Killian|Jacquelyn
795|Augustus|Janae
796|Trevin|Frances
797|Zain|Shyla
798|Ellis|Janiah
799|Rex|Kierra
800|Yusuf|Karlie
801|Bruno|Annabel
802|Jaidyn|Jacey
803|Justus|Karissa
804|Ronin|Jaylah
805|Humberto|Xiomara
806|Jaquan|Edith
807|Josh|Marianna
808|Kasey|Damaris
809|Winston|Deborah
810|Dashawn|Jaylyn
811|Lucian|Evelin
812|Matias|Mara
813|Sidney|Olive
814|Ignacio|Ayana
815|Nigel|India
816|Van|Kendal
817|Elian|Kayley
818|Finley|Tamara
819|Jaron|Briley
820|Addison|Charlee
821|Aedan|Nylah
822|Braedon|Abbey
823|Jadyn|Moriah
824|Konner|Saige
825|Zayne|Savanah
826|Franco|Giada
827|Niko|Hana
828|Savion|Lizeth
829|Cristofer|Matilda
830|Deon|Ann
831|Krish|Jazlene
832|Anton|Gillian
833|Brogan|Beatrice
834|Cael|Ireland
835|Coby|Karly
836|Kymani|Mylie
837|Marcel|Yasmine
838|Yair|Ashly
839|Dale|Kenna
840|Bo|Maleah
841|Jordon|Corinne
842|Samir|Keely
843|Darien|Tanya
844|Zaire|Tianna
845|Ross|Adalynn
846|Vaughn|Ryann
847|Devyn|Salma
848|Kenyon|Areli
849|Clay|Karma
850|Dario|Shyann
851|Ishaan|Kaley
852|Jair|Theresa
853|Kael|Evie
854|Adonis|Gina
855|Jovanny|Roselyn
856|Clinton|Kaila
857|Rey|Jaylen
858|Chaim|Natalya
859|German|Meadow
860|Harper|Rayne
861|Nathen|Aliza
862|Rigoberto|Yuliana
863|Sonny|June
864|Glenn|Lilianna
865|Octavio|Nathaly
866|Blaze|Ali
867|Keshawn|Alisa
868|Ralph|Aracely
869|Ean|Belen
870|Nikhil|Tess
871|Rayan|Jocelynn
872|Sterling|Litzy
873|Branson|Makena
874|Jadiel|Abagail
875|Dillan|Giuliana
876|Jeramiah|Joyce
877|Koen|Libby
878|Konnor|Lillianna
879|Antwan|Thalia
880|Houston|Tia
881|Tyrese|Sarahi
882|Dereon|Zaniyah
883|Leonidas|Kristin
884|Zack|Lorelai
885|Fisher|Mattie
886|Jaydan|Taniya
887|Quinten|Jaslyn
888|Nick|Gemma
889|Urijah|Valery
890|Darion|Lailah
891|Jovan|Mckinley
892|Salvatore|Micah
893|Beckham|Deja
894|Jarrett|Frida
895|Antony|Brynlee
896|Eden|Jewel
897|Makai|Krista
898|Zaiden|Mira
899|Broderick|Yamilet
900|Camryn|Adison
901|Malaki|Carina
902|Nikolai|Karli
903|Howard|Magdalena
904|Immanuel|Stephany
905|Demarion|Charlize
906|Valentino|Raelynn
907|Jovanni|Aliana
908|Ayaan|Cassie
909|Ethen|Mina
910|Leandro|Karley
911|Royce|Shirley
912|Yael|Marlie
913|Yosef|Alani
914|Jean|Taniyah
915|Marquise|Cloe
916|Alden|Sanai
917|Leroy|Lina
918|Gaven|Nola
919|Jovany|Anabella
920|Tyshawn|Dalia
921|Aarav|Raina
922|Kadyn|Mariela
923|Milton|Ariella
924|Zaid|Bria
925|Kelton|Kamari
926|Tripp|Monique
927|Kamren|Ashleigh
928|Slade|Reina
929|Hezekiah|Alia
930|Jakobe|Ashanti
931|Nathanial|Lara
932|Rishi|Lilia
933|Shamar|Justine
934|Geovanni|Leia
935|Pranav|Maribel
936|Roderick|Abigayle
937|Bentley|Tiara
938|Clarence|Alannah
939|Lyric|Princess
940|Bernard|Sydnee
941|Carmelo|Kamora
942|Denzel|Paityn
943|Maximillian|Payten
944|Reynaldo|Naima
945|Cassius|Gretchen
946|Gordon|Heidy
947|Reuben|Nyasia
948|Samson|Livia
949|Yadiel|Marin
950|Jayvon|Shaylee
951|Reilly|Maryjane
952|Sheldon|Laci
953|Abdullah|Nathalia
954|Jagger|Azaria
955|Thaddeus|Anabel
956|Case|Chasity
957|Kyson|Emmy
958|Lamont|Izabelle
959|Chaz|Denisse
960|Makhi|Emelia
961|Jan|Mireya
962|Marques|Shea
963|Oswaldo|Amiah
964|Donavan|Dixie
965|Keyon|Maren
966|Kyan|Averi
967|Simeon|Esperanza
968|Trystan|Micaela
969|Andreas|Selina
970|Dangelo|Alyvia
971|Landin|Chana
972|Reagan|Avah
973|Turner|Donna
974|Arnav|Kaylah
975|Brenton|Ashtyn
976|Callum|Karsyn
977|Jayvion|Makaila
978|Bridger|Shayna
979|Sammy|Essence
980|Deegan|Leticia
981|Jaylan|Miya
982|Lennon|Rory
983|Odin|Desirae
984|Abdiel|Kianna
985|Jerimiah|Laurel
986|Eliezer|Neveah
987|Bronson|Amaris
988|Cornelius|Hadassah
989|Pierre|Dania
990|Cortez|Hailie
991|Baron|Jamiya
992|Carlo|Kathy
993|Carsen|Laylah
994|Fletcher|Riya
995|Izayah|Diya
996|Kolten|Carleigh
997|Damari|Iyana
998|Hugh|Kenley
999|Jensen|Sloane
1000|Yurem|Elianna
